id,customer_id,address_id,full_name_admin_person,email_admin_person,phone_number_admin_person,full_name_tech_person,email_tech_person,phone_number_tech_person,created_at,updated_at
1,1,1,Carlin Silversmidt,cnassy0@arstechnica.com,380-705-0130,Curr Nassy,cnassy0@live.com,639-725-7916,1983-04-06,2017-05-31
2,2,2,Ted Rubrow,kavieson1@miibeian.gov.cn,556-967-1627,Kendricks Avieson,kavieson1@cargocollective.com,494-692-0619,1978-04-09,2005-06-20
3,3,3,Moise Coates,fcolbridge2@ucla.edu,139-404-4429,Flo Colbridge,fcolbridge2@free.fr,818-314-7800,2001-02-19,2017-07-23
4,4,4,Mae MacGee,wtemblett3@hhs.gov,905-323-0852,Weston Temblett,wtemblett3@china.com.cn,591-847-5153,2017-09-12,1999-05-10
5,5,5,Ingeborg Wellard,chiggen4@wordpress.com,601-948-8031,Corly Higgen,chiggen4@photobucket.com,279-507-8682,1999-10-29,1983-04-30
6,6,6,Joleen Ravenscraft,wrutherfoord5@google.nl,197-204-6227,Waylan Rutherfoord,wrutherfoord5@joomla.org,640-563-1465,1979-11-11,2008-06-11
7,7,7,Alfi Pozer,amatyushenko6@cornell.edu,341-474-1251,Annmaria Matyushenko,amatyushenko6@cbc.ca,186-365-5908,1977-08-30,2010-07-30
8,8,8,Miriam Laugharne,abrantzen7@nydailynews.com,335-191-2749,Anatol Brantzen,abrantzen7@homestead.com,520-625-4473,2000-03-12,1976-06-04
9,9,9,Stanislaus Bertin,elaundon8@i2i.jp,534-505-9023,Erika Laundon,elaundon8@friendfeed.com,404-674-6284,2011-12-26,2008-08-10
10,10,10,Amargo Pretsel,lrouff9@dell.com,275-348-0701,Letta Rouff,lrouff9@independent.co.uk,784-537-6188,2014-11-21,1983-02-13
11,11,11,Falito Regglar,lsounessa@alibaba.com,532-132-6353,Lynelle Souness,lsounessa@drupal.org,572-411-7774,1991-03-31,1997-08-30
12,12,12,Marcelle Inkle,clodewickb@e-recht24.de,362-556-7639,Cairistiona Lodewick,clodewickb@youtu.be,725-820-5903,2011-10-14,2017-11-08
13,13,13,Codie Faircley,breedickc@time.com,141-304-3790,Brynna Reedick,breedickc@adobe.com,969-104-7337,1984-01-12,1977-07-29
14,14,14,Grete Le - Count,fshotboultd@mysql.com,142-577-5291,Fernanda Shotboult,fshotboultd@wikipedia.org,274-971-4331,2018-01-24,1976-11-05
15,15,15,Charlena Cooke,vpagee@gnu.org,277-940-4282,Valaree Page,vpagee@geocities.jp,484-816-2514,1996-11-19,1999-08-03
16,16,16,Marney Daud,rdef@baidu.com,172-366-2912,Rufus De Launde,rdef@blog.com,811-308-6930,2018-11-24,1992-07-28
17,17,17,Hilary Patrone,btombsg@blogtalkradio.com,725-965-1123,Barbe Tombs,btombsg@linkedin.com,573-721-3718,2005-11-20,1986-10-04
18,18,18,Nettie Palister,estendallh@utexas.edu,701-287-7247,Essie Stendall,estendallh@google.com,403-441-5302,2008-08-27,1984-08-08
19,19,19,Brice Ludlam,cwalei@wix.com,819-693-5172,Cacilia Wale,cwalei@usda.gov,908-364-1299,1989-08-20,2011-08-26
20,20,20,Kala Overthrow,dbyshj@stanford.edu,608-913-6392,Dalli Bysh,dbyshj@go.com,822-584-0848,2016-07-06,2006-09-19
21,21,21,Briggs Cayet,fwhieldonk@deviantart.com,513-204-4176,Flynn Whieldon,fwhieldonk@reverbnation.com,770-430-6489,2010-11-24,2013-11-04
22,22,22,Biddy Newell,emildnerl@cpanel.net,133-987-1381,Emelina Mildner,emildnerl@cyberchimps.com,424-975-5928,1989-04-11,1987-10-04
23,23,23,Agneta Munt,rpescodm@sciencedirect.com,812-486-1851,Ronnie Pescod,rpescodm@archive.org,608-878-2577,2018-05-02,2017-05-17
24,24,24,Bobbette MacNamee,ihessern@jalbum.net,272-243-9941,Ilise Hesser,ihessern@prlog.org,896-328-2156,1991-06-03,2005-08-28
25,25,25,Rouvin Dunlea,neassebyo@mozilla.org,581-191-6018,Nari Easseby,neassebyo@newyorker.com,216-470-2029,1983-01-23,1994-02-23
26,26,26,Farrah Beacock,tlagep@uol.com.br,822-194-1642,Tommie Lage,tlagep@bravesites.com,731-880-5557,2002-10-18,2007-11-19
27,27,27,Emory Nucciotti,bgrouvelq@slashdot.org,580-381-8983,Billie Grouvel,bgrouvelq@nytimes.com,206-708-2366,1989-08-02,2012-03-26
28,28,28,Micaela Posnette,zpointinr@un.org,775-579-9794,Zachary Pointin,zpointinr@jugem.jp,395-594-4604,1990-03-13,2015-02-13
29,29,29,Rosemonde Husher,acostans@networksolutions.com,990-922-0124,Amie Costan,acostans@huffingtonpost.com,340-543-8448,1995-08-01,2017-10-01
30,30,30,Vally Attridge,snobrigat@indiatimes.com,626-349-5050,Sergio Nobriga,snobrigat@fc2.com,359-907-6308,1976-04-16,1999-08-06
31,31,31,Darell Rosewall,mstilliardu@blinklist.com,935-298-3307,Melodie Stilliard,mstilliardu@toplist.cz,126-633-7325,2013-06-27,1994-11-30
32,32,32,Arlyne Gaskall,janderschv@home.pl,377-349-9494,Johnath Andersch,janderschv@ucla.edu,762-562-6377,1996-09-17,1982-08-24
33,33,33,Layton Jandourek,nmariaudw@amazon.co.jp,432-856-5916,Nat Mariaud,nmariaudw@ucoz.ru,385-545-8786,1986-10-04,2004-03-18
34,34,34,Malvina Iliff,sdaxx@artisteer.com,277-385-8446,Shawnee Dax,sdaxx@icq.com,783-552-4825,1976-11-11,2018-12-21
35,35,35,Mella Switland,eumplebyy@seesaa.net,842-127-6177,Elvyn Umpleby,eumplebyy@vistaprint.com,671-440-3629,2015-09-08,2003-03-05
36,36,36,Odelinda Linneman,hbraffingtonz@reverbnation.com,538-972-7774,Hettie Braffington,hbraffingtonz@unicef.org,506-291-6686,1991-11-09,1998-03-30
37,37,37,Hastie Peagram,dmcadam10@sakura.ne.jp,657-272-2951,Drusy McAdam,dmcadam10@feedburner.com,630-328-4521,2011-07-17,2003-05-28
38,38,38,Viviana Lembke,dquinevan11@tripadvisor.com,294-845-4783,Dora Quinevan,dquinevan11@geocities.jp,815-435-5096,1988-12-28,2013-10-11
39,39,39,Zaccaria Craighead,hveness12@github.io,399-279-8639,Heidie Veness,hveness12@ed.gov,856-772-5463,2019-03-02,1984-11-03
40,40,40,Marline Cecchi,slambotin13@loc.gov,380-358-0243,Shirline Lambotin,slambotin13@va.gov,771-641-7650,1981-07-01,2008-12-07
41,41,41,Sherwood Reicharz,jspurgin14@drupal.org,246-130-2030,Jared Spurgin,jspurgin14@opensource.org,154-840-9626,1985-03-27,2003-07-09
42,42,42,Roanne Huggard,jlidgely15@tmall.com,612-270-7027,Jordain Lidgely,jlidgely15@europa.eu,390-925-7269,2004-09-19,1999-09-09
43,43,43,Timmy Algore,crasper16@arizona.edu,812-851-9392,Charity Rasper,crasper16@reuters.com,381-117-2208,1989-12-23,1998-03-16
44,44,44,Jewel Vockins,lmauvin17@free.fr,279-430-8665,Loise Mauvin,lmauvin17@illinois.edu,677-979-7069,2019-05-03,1977-09-15
45,45,45,Mendel Clethro,efriary18@washington.edu,379-497-6750,Ermentrude Friary,efriary18@about.me,770-998-4387,1992-06-24,2008-08-16
46,46,46,Rosy Murrell,vbergeon19@4shared.com,433-270-3252,Vitia Bergeon,vbergeon19@columbia.edu,825-461-2199,1996-09-30,2014-04-29
47,47,47,Maisey Hedley,efoggo1a@vistaprint.com,326-984-8268,Eberhard Foggo,efoggo1a@behance.net,315-847-6279,1991-05-03,2000-06-25
48,48,48,Yoshiko Pirt,ogoodger1b@issuu.com,615-633-8740,Osborn Goodger,ogoodger1b@house.gov,161-599-8518,2009-06-26,1980-05-14
49,49,49,Shelby Shirland,jbatalini1c@infoseek.co.jp,867-497-7934,Jack Batalini,jbatalini1c@disqus.com,719-251-2055,1997-12-16,2019-06-12
50,50,50,Marge Gislebert,gbarstow1d@aboutads.info,399-949-6046,Gerrard Barstow,gbarstow1d@wikipedia.org,943-479-9071,1985-08-06,1992-11-04
51,51,51,Dannye Kemson,zgrange1e@bravesites.com,520-752-3125,Zebedee Grange,zgrange1e@studiopress.com,803-204-2370,1988-02-23,2009-07-09
52,52,52,Abdul Gniewosz,gkneeshaw1f@kickstarter.com,890-481-9395,Grover Kneeshaw,gkneeshaw1f@yahoo.com,821-351-3292,2003-12-25,1984-02-24
53,53,53,Grady Ranald,wpurkis1g@mail.ru,815-527-8016,Wilbur Purkis,wpurkis1g@ftc.gov,397-909-2169,1983-12-15,1977-08-20
54,54,54,Bone Maystone,kplumridege1h@blogger.com,237-919-7014,Karlene Plumridege,kplumridege1h@time.com,803-101-4712,2012-03-21,1995-10-20
55,55,55,Sadella Wase,acallis1i@phpbb.com,854-989-0788,Ariela Callis,acallis1i@ed.gov,699-867-1173,2006-08-28,2005-06-22
56,56,56,Leigh Avramovsky,dgrigolli1j@mtv.com,950-543-9393,Dougy Grigolli,dgrigolli1j@plala.or.jp,945-258-4757,1989-07-24,2014-12-17
57,57,57,Leslie Boumphrey,bknellen1k@weather.com,296-917-9565,Barney Knellen,bknellen1k@usda.gov,614-936-0996,2004-03-28,1978-11-30
58,58,58,Cirillo MacAless,dcuer1l@merriam-webster.com,811-747-9588,Devinne Cuer,dcuer1l@nyu.edu,865-907-0597,2018-11-18,1997-03-26
59,59,59,Chloe Sheran,isilverstone1m@reverbnation.com,841-291-2741,Inger Silverstone,isilverstone1m@ca.gov,783-485-1633,2015-10-04,1984-12-06
60,60,60,Tildi Apfler,rmckeeman1n@wix.com,396-226-0076,Roze McKeeman,rmckeeman1n@xrea.com,362-762-5926,1981-04-03,1990-11-19
61,61,61,Donnajean Reasun,stomankowski1o@hatena.ne.jp,338-258-7327,Sarine Tomankowski,stomankowski1o@quantcast.com,955-614-4244,1986-04-01,1976-05-21
62,62,62,Bryn Klampt,cbraams1p@un.org,887-988-6281,Chariot Braams,cbraams1p@squidoo.com,958-128-2382,2014-06-01,1982-03-15
63,63,63,Karilynn Sawter,kabade1q@usatoday.com,724-499-0731,Kettie Abade,kabade1q@wunderground.com,434-553-4904,2004-08-25,2009-08-17
64,64,64,Alvina Meyrick,ldrewery1r@ftc.gov,410-439-4106,Lewie Drewery,ldrewery1r@360.cn,221-364-1414,1976-03-21,1993-03-21
65,65,65,Agace Kleinfeld,bgervaise1s@fema.gov,132-800-2168,Bill Gervaise,bgervaise1s@hatena.ne.jp,537-713-4685,2018-05-09,1996-07-19
66,66,66,Alleen Halm,dcownden1t@edublogs.org,833-259-3327,Dina Cownden,dcownden1t@jalbum.net,397-513-3511,1984-10-30,1996-05-29
67,67,67,Karel Harriss,sdelle1u@taobao.com,284-268-4059,Shea Delle,sdelle1u@microsoft.com,172-451-6276,2000-12-30,2010-02-08
68,68,68,Archy Furminger,mspincke1v@goodreads.com,897-843-6182,Meriel Spincke,mspincke1v@whitehouse.gov,408-563-3091,2010-02-11,2008-02-03
69,69,69,Robinia Vannar,sworlidge1w@google.pl,445-764-9401,Si Worlidge,sworlidge1w@bigcartel.com,396-569-0117,2009-07-17,1998-04-05
70,70,70,Oliver Chambers,krendbaek1x@accuweather.com,815-258-9034,Kelcie Rendbaek,krendbaek1x@nbcnews.com,727-940-7844,2015-03-13,1982-02-24
71,71,71,Vinnie O' Mara,acarbry1y@free.fr,946-162-3417,Archie Carbry,acarbry1y@nih.gov,775-331-2917,1990-11-23,2016-12-21
72,72,72,Hamlen Mowen,pgillam1z@mozilla.org,299-774-0546,Pinchas Gillam,pgillam1z@typepad.com,570-844-1928,1989-12-02,1976-10-01
73,73,73,Xavier Peyton,pfountaine20@vimeo.com,387-669-3872,Pier Fountaine,pfountaine20@multiply.com,602-624-6362,1993-01-16,1980-10-05
74,74,74,Mathian Yurkin,egalbreth21@amazonaws.com,704-553-6334,Erick Galbreth,egalbreth21@goodreads.com,163-355-1187,2012-04-06,1982-08-18
75,75,75,Lucine Millom,jbearblock22@china.com.cn,239-990-8552,Johan Bearblock,jbearblock22@macromedia.com,514-661-8128,2007-05-23,1997-08-11
76,76,76,Eunice Wichard,kiwanowski23@ebay.com,749-828-9250,Krissy Iwanowski,kiwanowski23@wikia.com,206-191-5075,1998-11-30,1988-08-19
77,77,77,Jaquelyn Rosenfelt,gwigfall24@is.gd,296-449-5106,Guinna Wigfall,gwigfall24@washingtonpost.com,377-294-7637,2005-06-16,2001-09-27
78,78,78,Nigel Girodin,cbaake25@bing.com,806-589-7365,Chery Baake,cbaake25@mail.ru,701-135-1245,1983-02-01,1978-05-14
79,79,79,Heindrick Peacham,kklimaszewski26@tripod.com,476-994-5188,Kendra Klimaszewski,kklimaszewski26@bluehost.com,706-392-5025,1986-02-04,1991-11-23
80,80,80,Allie Iscowitz,akinforth27@meetup.com,190-867-5893,Ardis Kinforth,akinforth27@gmpg.org,306-247-4921,1995-05-15,1999-03-15
81,81,81,Oran Solway,gwareham28@seattletimes.com,686-727-9816,Garrik Wareham,gwareham28@blogtalkradio.com,162-797-2502,1997-03-09,1982-04-14
82,82,82,Florry Prestland,ide29@tripadvisor.com,524-292-3368,Ingunna de Almeida,ide29@loc.gov,561-275-7477,1989-03-05,2006-06-25
83,83,83,Devy Runge,amcorkill2a@tmall.com,654-316-8347,Alistair McOrkill,amcorkill2a@mozilla.org,296-451-3783,2006-05-10,1992-11-29
84,84,84,Trudy Sharpus,ichellingworth2b@miibeian.gov.cn,835-875-2638,Ingemar Chellingworth,ichellingworth2b@pbs.org,999-295-8895,1998-07-15,1982-11-23
85,85,85,Connor Don,hmucci2c@hao123.com,416-631-1928,Howard Mucci,hmucci2c@stanford.edu,630-448-5869,1982-08-14,1996-10-08
86,86,86,Inesita Brane,jlulham2d@uiuc.edu,568-330-6973,Jephthah Lulham,jlulham2d@godaddy.com,502-298-1785,1991-07-19,2013-03-25
87,87,87,Trevor Stoter,sburthom2e@myspace.com,144-250-7979,Salome Burthom,sburthom2e@indiegogo.com,479-602-3686,1981-04-02,1988-02-22
88,88,88,Welbie Barttrum,flouche2f@themeforest.net,161-452-7973,Felic Louche,flouche2f@live.com,677-846-2773,1980-08-23,2019-06-27
89,89,89,Donny Eayres,kschettini2g@unblog.fr,411-917-5226,Kai Schettini,kschettini2g@netlog.com,833-818-5728,1999-11-03,1980-07-18
90,90,90,Ainslie Burry,cratazzi2h@histats.com,773-262-1326,Cahra Ratazzi,cratazzi2h@jimdo.com,919-737-4875,2013-09-11,1998-12-06
91,91,91,Tiffani Mochan,qhawkeswood2i@dyndns.org,738-473-8606,Quinta Hawkeswood,qhawkeswood2i@jiathis.com,489-587-9838,1991-12-24,1981-10-26
92,92,92,Ellissa Bengtsen,rfreda2j@tripadvisor.com,874-393-3768,Ransell Freda,rfreda2j@xinhuanet.com,209-827-8266,2019-08-09,2016-11-14
93,93,93,Catherine Grunwall,rtyre2k@patch.com,302-879-3446,Rhona Tyre,rtyre2k@mysql.com,181-828-0941,1990-11-12,1983-11-12
94,94,94,Burke Cady,ccaldera2l@umn.edu,738-636-7888,Corinne Caldera,ccaldera2l@cnet.com,833-425-7924,1999-08-12,1981-06-20
95,95,95,Thebault Goakes,kgallelli2m@reuters.com,275-468-1097,Kay Gallelli,kgallelli2m@sina.com.cn,844-370-7430,1999-07-05,2016-09-20
96,96,96,Ennis Hearne,hbortoloni2n@woothemes.com,755-890-2981,Harriet Bortoloni,hbortoloni2n@tripod.com,343-597-5353,1981-10-29,1984-02-21
97,97,97,Dar Elwell,mkubala2o@dropbox.com,233-540-0380,Melinde Kubala,mkubala2o@lulu.com,328-497-6368,1980-04-26,1999-08-26
98,98,98,Danyelle Eagle,wkopp2p@mit.edu,657-468-4347,Wren Kopp,wkopp2p@aboutads.info,772-503-1489,2012-06-25,1985-03-16
99,99,99,Bianka Willcock,smcgillivray2q@1688.com,180-299-4973,Sofie McGillivray,smcgillivray2q@bravesites.com,398-455-3175,2012-09-10,1987-06-15
100,100,100,Fred Syme,arizzone2r@free.fr,684-636-0560,Aimil Rizzone,arizzone2r@bing.com,239-844-0159,1981-07-11,2016-06-09
