first_name,last_name,title,email,encrypted_password
Nicolas,Genest,Comm Rep,nicolas.genest@codeboxx.biz,12345678
David,Boutin,Engineer,david.boutin@codeboxx.biz,12345678
Remi,Gagnon,Engineer,remi.gagnon@codeboxx.biz,12345678
Mathieu,LeFrancois,Engineer,mathieu.lefrancois@codeboxx.biz,12345678
Mathieu,Lortie,Engineer,mathieu.lortie@codeboxx.biz,12345678
Mathieu,Houde,Engineer,mathieu.houde@codeboxx.biz,12345678
Serge,Savoie,Engineer,serge.savoie@codeboxx.biz,12345678
Nadya,Fortier,Director,nadya.fortier@codeboxx.biz,12345678
Martin,Chantal,Engineer,martin.chantal@codeboxx.biz,12345678
Rosabelle,Spinas,Analyst Programmer,rspinas0@g.co,rmZ7UVK
Concettina,Durban,Graphic Designer,cdurban1@ihg.com,1dF6gswyC3
Zelda,Chatell,Account Representative I,zchatell2@ebay.com,lbxcNLFuB
Jamil,Luberti,Community Outreach Specialist,jluberti3@ovh.net,bwHOnmA
Ethe,Mainstone,Clinical Specialist,emainstone4@newyorker.com,P2ng3VikXsB
Janina,Jeffress,Data Coordiator,jjeffress5@symantec.com,5uNmPYDcZe8t
Ewen,Streeten,Safety Technician III,estreeten6@privacy.gov.au,eOt1HHyMu
Gonzales,Razzell,Account Representative II,grazzell7@prweb.com,8xWuFZIH
Hugibert,Vannuccini,Recruiter,hvannuccini8@alibaba.com,FGSpW6pKe
Thurston,Druitt,Safety Technician III,tdruitt9@cornell.edu,fwGUyh1i2H
Frasquito,Travers,Speech Pathologist,ftraversa@archive.org,l6JBp4pvwwqF
Milo,MacGilrewy,Structural Engineer,mmacgilrewyb@alibaba.com,P6wzjdPaxeb
Noella,Kloisner,Geologist IV,nkloisnerc@psu.edu,ReFag8Qq20
Lionel,Robinson,Developer III,lrobinsond@yolasite.com,SPVVDmzK
Sean,Parken,VP Product Management,sparkene@goo.gl,z1xBA0rRDEvc
Aaren,Kurdani,Research Nurse,akurdanif@twitter.com,GwIyViXCydV
Barbaraanne,Ruvel,Clinical Specialist,bruvelg@cnet.com,oLTI8Us2wA
Denney,Pettifer,Information Systems Manager,dpettiferh@cnbc.com,Z2yVHg3kE
Quinlan,Vlach,Cost Accountant,qvlachi@auda.org.au,U4KCDtJZueX
Lindon,Raecroft,Human Resources Manager,lraecroftj@photobucket.com,xsTjaJ85R4z
Inness,Jaxon,Clinical Specialist,ijaxonk@furl.net,aoERBlo9
Lian,Elkin,Research Assistant IV,lelkinl@so-net.ne.jp,cTZXweoDe2C
Gretel,Meacher,Registered Nurse,gmeacherm@intel.com,EvSTu7Pwp
Tan,Ivashintsov,Environmental Specialist,tivashintsovn@unicef.org,LftVEw
Crissie,Troy,VP Accounting,ctroyo@canalblog.com,1y4CHvg0kVh
Jude,Twycross,Food Chemist,jtwycrossp@answers.com,yVFCFMT5n5eN
Marji,Kender,Sales Associate,mkenderq@4shared.com,t7aBlXNmKgG
Patrice,Rafter,Human Resources Assistant I,prafterr@alexa.com,xa9g4I8f
Orv,Brimelow,VP Marketing,obrimelows@cnet.com,Ky7KmCcv
Ines,Kloser,Pharmacist,iklosert@dropbox.com,UrVzLPbyDB
Engelbert,Lisciandri,Librarian,elisciandriu@xrea.com,0wI63G8zevr
Maximilien,Lackey,Assistant Manager,mlackeyv@harvard.edu,PoGvFOXCLGV
Nikki,Croston,Programmer Analyst III,ncrostonw@unicef.org,vuezQFPrBwy
Josi,Scurrer,Operator,jscurrerx@smugmug.com,eeblOHQ
Towny,Goulding,Account Executive,tgouldingy@cargocollective.com,GcKgxSG
Trumaine,Woollett,Chemical Engineer,twoollettz@ucsd.edu,KW7Tyk5Na
Giuseppe,Elintune,Web Designer I,gelintune10@weather.com,UKruGunZ8
Margie,Foulgham,Budget/Accounting Analyst III,mfoulgham11@constantcontact.com,JSc0Aj
Claudell,Skehan,Data Coordiator,cskehan12@exblog.jp,rMrvQ9gdN
Benny,Kobes,Geological Engineer,bkobes13@nih.gov,JVxhSdCcA
Glenn,Burds,Office Assistant II,gburds14@mapquest.com,32xfu4D
Joeann,Cadamy,VP Sales,jcadamy15@japanpost.jp,orNJQY
Byrle,Kinkade,Associate Professor,bkinkade16@wikimedia.org,AkC51Wx55s
Odella,Feathersby,Web Developer I,ofeathersby17@slideshare.net,jdVdwbj7SAe
Jessy,Jewell,Legal Assistant,jjewell18@un.org,BX4hozuP3ar
Tilda,Brea,Engineer II,tbrea19@unc.edu,BBv3mrwzG4
Priscilla,Lantaff,Budget/Accounting Analyst III,plantaff1a@ask.com,tFyGhxUwpkhI
Laurene,Heild,Occupational Therapist,lheild1b@alibaba.com,5QQE3zHtt67p
Stephana,Bowmen,Food Chemist,sbowmen1c@netscape.com,X9Uoc9
Hyacinthe,De Zuani,Community Outreach Specialist,hdezuani1d@topsy.com,qlWX71Q8EIK
